{"comments":{"lineComment":"//","blockComment":["/*","*/"]},"brackets":[["{","}"],["[","]"],["(",")"]],"autoClosingPairs":[["{","}"],["[","]"],["(",")"],{"open":"\"","close":"\"","notIn":["string"]},{"open":"'","close":"'","notIn":["string"]},{"open":"`","close":"`","notIn":["string"]}],"surroundingPairs":[["{","}"],["[","]"],["(",")"],["\"","\""],["'","'"],["`","`"]],"onEnterRules":[{"beforeText":{"pattern":"//.*"},"afterText":{"pattern":"^(?!\\s*$).+"},"action":{"indent":"none","appendText":"// "}}]}